question_id,created,tag_list,title,q_descrip,num_follow,num_view
58318293,1491861946,"[""作家"",""王小波""]",你会如何纪念王小波逝世二十周年？,去找人敦一敦伟大的友谊！,22,2423
59227720,1493574917,"[""macOS"",""软件"",""Microsoft Windows"",""Linux"",""命令行界面（CLI）""]",有哪些命令行的软件堪称神器？,"ag：比grep、ack更快的递归搜索文件内容。tig：字符模式下交互查看git项目，可以替代git命令。mycli：mysql客户端，支持语法高亮和命令补全，效果类似ipython，可以替代mysql命令。jq: json文件处理以及格式化显示，支持高亮，可以替换python -m json.tool。shellcheck：shell脚本静态检查工具，能够识别语法错误以及不规范的写法。yapf：Google开发的python代码格式规范化工具，支持pep8以及Google代码风格。mosh：基于UDP的终端连接，可以替代ssh，连接更稳定，即使IP变了，也能自动重连。fzf：命令行下模糊搜索工具，能够交互式智能搜索并选取文件或者内容，配合终端ctrl-r历史命令搜索简直完美。PathPicker(fpp):在命令行输出中自动识别目录和文件，支持交互式，配合git非常有用。运行以下命令：git diff HEAD~8 --stat | fpp
htop: 提供更美观、更方便的进程监控工具，替代top命令。axel：多线程下载工具，下载文件时可以替代curl、wget。axel -n 20 http://centos.ustc.edu.cn/centos/7/isos/x86_64/CentOS-7-x86_64-Minimal-1511.iso
sz/rz：交互式文件传输，在多重跳板机下传输文件非常好用，不用一级一级传输。cloc：代码统计工具，能够统计代码的空行数、注释行、编程语言。ccache：高速C/C++编译缓存工具，反复编译内核非常有用。使用起来也非常方便：gcc foo.c
改成:ccache gcc foo.c
tmux：终端复用工具，替代screen、nohup。neovim: 替代vim。script/scriptreplay: 终端会话录制。script -t 2>time.txt session.typescript # 录制开始
# your commands
exit # 录制结束
回放:scriptreplay -t time.txt session.typescript
you-get: 非常强大的媒体下载工具，支持youtube、google+、优酷、芒果TV、腾讯视频、秒拍等视频下载。还有mac专有的pbcopy/pbpaste：把命令行输出拷贝到系统粘贴板：cat test.sh| pbcopy
把系统粘贴板内容拷到终端:pbpaste
mac下的say命令支持多种语言(英语、普通话、粤语)文本朗读，支持各种销魂恐怖的语气。跑这个命令感受下，小心被吓着了：for i in `say -v '?' | cut -d ' ' -f 1`; do echo $i && say -v ""$i"" 'Hello World';done
更具体的列表可参考：int32bit/dotfiles 。",7247,491680
57524019,1490276424,"[""iOS"",""iOS 应用"",""输入法"",""搜狗输入法"",""双拼输入法""]",iOS 上有哪些不会强退的输入法？,由于用的是双拼，需要用第三方输入法。但是经常被强退的问题困扰，想请问哪款输入法比较稳定？试过搜狗，常年 (null)，烦死了,8,257
56590537,1488553203,"[""战争"",""中国"",""中越战争"",""战俘""]",中国是如何对待本国军队的战俘的？,从没见讨论过，但是只要有战争就会有战俘，比如跟越南打的仗，自己人被俘虏以后放回来了的话，是怎么对待的？,3,228
56376583,1488172077,"[""鲍勃·迪伦（Bob Dylan）"",""中国中央电视台 (CCTV)"",""《朗读者》"",""董卿""]",如何看待央视《朗读者》删改鲍勃·迪伦的歌词？,转：央视最近开了个挺火的新节目叫朗读者，里面有一段是请了几个曾经在战火中进行人道救援的医生，读 Bob Dylan 的著名反战歌曲 Blowin' in the wind。我专门找来看了看，结果呵呵，都删成这样了还读什么啊！有点深意的全删掉了，不知道的还以为诺贝尔文学奖真就这水平呢。下面是原版的歌词，带星号是删掉的，为了强行凑第二段被全剪掉的篇幅，第三段还读了两遍。 *一个人要走多少路才能真正称作是一个人？ 一只白鸽要翱翔多少海…,7,1063
56182267,1487785440,"[""历史"",""人物"",""演讲"",""故事"",""世界史""]",历史上有哪些臭名昭著的演讲？,"提名一个英国首相内维尔·张伯伦在1938年9月30号在唐宁街10号前做的演讲。彼时他刚刚参加完由英、法、德、意四国决定让捷克斯洛伐克无条件割让苏台德地区给德国的慕尼黑会议，签署了《慕尼黑协定》。中国历史教科书和历史考题里常常出现的“我们赢得了一代人的和平”就出自这场演讲。次年3月德国悍然入侵了整个捷克斯洛伐克，和平之说沦为泡影。1940年，由于工党不同意参加由张伯伦领导的联合政府，张伯伦黯然下台。他于当年病逝，享年71岁。以下是演讲原文内容：Neville Chamberlain
""Peace for Our Time,"" September 30, 1938

The following statement was made by British Prime Minister, Neville Chamberlain, in front of #10 Downing Street, London, after his arrival home from the notorious Munich Conference of 1938

We, the German Fuhrer and Chancellor, and the British Prime Minister, have had a further meeting today and are agreed in recognizing that the question of Anglo-German relations is of the first importance for our two countries and for Europe.

We regard the agreement signed last night and the Anglo-German Naval Agreement as symbolic of the desire of our two peoples never to go to war with one another again.

We are resolved that the method of consultation shall be the method adopted to deal with any other questions that may concern our two countries, and we are determined to continue our efforts to remove possible sources of difference, and thus to contribute to assure the peace of Europe.

My good friends, for the second time in our history, a British Prime Minister has returned from Germany bringing peace with honor. I believe it is ""peace for our time."" Go home and get a nice quiet sleep.引自：&amp;quot;Peace for Our Time,&amp;quot; 1938",22,2775
55265135,1485848621,"[""土耳其"",""土耳其语""]",土耳其语 hakimiyet milletindir 是什么意思？,"朋友圈看见一张图，摄于土耳其某处，旗帜上面写着这两个词。 搜索给出的英文是 “Sovereignty unconditionally belongs to the Nation”，Wikipedia 说Sovereignty unconditionally belongs to the people (of the nation) (Turkish: Egemenlik, kayıtsız şartsız Milletindir) is the founding principle of the Republic of Turkey. This principle is written on the wall behind the chairman of the General As…",4,137
54991301,1484975013,"[""中国社会"",""新闻事件""]",发生于 2001 年的广西南丹矿难有哪些深远的影响？,2001年7月17日，广西南丹发生了一起重大矿难，81 人死亡。这是中国第一起被广泛报道的矿难，在社会上引起了广泛的关注和反响。当地政府和矿主试图瞒报，用死亡威胁记者，但还是失败了。最后县委书记也被判了死刑。 有人说南丹矿难拉开了报道矿难的序幕，这种说法对吗？南丹矿难有哪些深远的影响？,5,110
54840527,1484593591,"[""美国"",""人口"",""人口经济学""]",美国有哪些地区近五年来有较高速的人口增长，为什么？,美国有哪些地区的人口增长显著高于其它地区呢？,5,93
54824753,1484559144,"[""数学史"",""几何学""]",埃尔朗根纲领有哪些深远的影响？,埃尔朗根纲领（Erlangen program）在数学史上的地位似乎挺高的，但是它的影响有哪些体现呢？很难想象那之前的几何学是什么样子。,36,1015
54805217,1484519421,"[""在线论坛"",""北京大学"",""高校bbs""]",北大未名 BBS 是不是不再活跃了？,昨天偶然上了一下未名，发觉活跃度似乎降低了很多，学院的版面好像平均一天只有一两贴，精华区也是很多年前的内容。这是为什么呢？现在的学生都上哪？,31,7566
54466896,1483681666,"[""物联网"",""英特尔 (Intel)""]",如何评价英特尔宣布推出的 ComputeCard?,www.intel.com/ComputeCard fact sheet 参见这里：https://newsroom.intel.com/newsroom/wp-content/uploads/sites/11/2017/01/intel-compute-card-fact-sheet.pdf,196,15715
54085282,1482779016,"[""外汇"",""美元"",""货币兑换"",""美国生活""]",在美国如何把国内银行账户里的人民币换成美元？,在一个华人挺多的地区，但是一下子也找不到人换。,9,1506
53992981,1482554371,"[""支付宝"",""增强现实（AR）"",""傅里叶变换(Fourier Transform)"",""红包"",""支付宝红包""]",能不能用傅里叶变换批量破解支付宝 AR 红包？,"朋友圈看到虎嗅一条破解 AR 红包文章，用的是神经网络：http://mp.weixin.qq.com/s/i7KAT4-yEmlyCGTRbDyNRQ 另外知乎搜了搜看见很多用 PS 和搜索引擎来破解的。 觉得这个问题上神经网络有点杀鸡用牛刀了，PS 也很折腾，想问一下有没有人试过用傅里叶变换来批量破解。我的想法是做完傅里叶变换，用某个算子处理一下 f^(ξ), 再求逆变换，结果应该更加接近原图。 由于这段时间手头没有电脑，也没有升级支付宝（海外应该没啥人发吧），没有办法尝试，只好来知乎…",64,6475
53985166,1482516771,"[""美国"",""搜索"",""犯罪"",""美国生活""]",在美国如何查询他人的犯罪记录？,搜 crime report 搜出来的都是收费的网站，也不知道真假，这类公开的信息有免费的查询方式吗？倒是搜到很多美国之外的英语国家政府提供的服务。,5,699
53986236,1482533288,"[""美食"",""食物"",""文化"",""西班牙语"",""古巴""]",古巴人一般吃些什么食物？,并不是猎奇，想知道古巴人民日常吃点啥，谢谢。,421,154194
53969289,1482483737,"[""小说"",""童话"",""唐传奇""]",胡桃夹子的故事和南柯一梦的故事有什么关联？,胡桃夹子说的是小女孩在圣诞夜抱着胡桃夹子入睡，梦里游了雪国，整个框架让我想起南柯一梦的故事。这两者有没有什么关联？ 南柯一梦： 淳于棼是唐朝人。有一次，因为他喝醉酒，忍不住在庭院的槐树下休息起来，没想到他因此就睡着了。在梦里，他看到槐安国的国王派人接他到槐安国去，随后把自己心爱的公主嫁给了他，并且派他担任南柯郡的太守。在这段时间里，淳于棼把南柯治理得很好，国王也很欣赏他。他五个儿子都有爵位，两个女…,3,308
53912598,1482364991,"[""知乎"",""水平"",""严肃讨论""]",知乎上各个专业领域的讨论究竟是什么水平？,看 http://www.zhihu.com/question/53752040 这个问题想到的。知乎上有的问题在外行看来很专业，但是实际情况如何呢？,25,717
53911547,1482350049,"[""美国"",""犯罪"",""美国社会""]",在美国犯罪是什么体验？,程序员,2,109
53508545,1481396962,"[""食品"",""食品营养"",""营养""]",美国食品包装上的营养成分表 (nutrition facts) 是怎么测出来的？,面包店卖的面包和小糖果上面都有，这种信息是估算还是检测出来的？,5,184
56189011,1487816628,"[""美国国家航空航天局（NASA）"",""天文学"",""宇宙"",""行星科学""]",NASA 宣布发现七颗与地球大小相似并可能存在液态水的行星，这意味着什么？,NASA于2017年2月22日宣布有“重大发现”，将紧急于2月23日召开新闻发布会。随后通过官网发布，人类在一颗距离地球约40光年远的恒星周围发现了七个地球大小的行星，这七颗行星都可能有液态水的存在，其中三颗确定位于宜居带。更有研究者指出，银河系中与地球类似的行星可能比我们想象的多得多。 这个发现有什么样的重大意义？是否意味着地球外生命，甚至智慧生命存在的可能性比我们想象的大得多？ NASA原文链接：…,1405,325547
52438431,1478665995,"[""政治"",""东亚局势"",""中日"",""2016 年美国大选""]",美国大选的结果会对中日关系以及东亚局势有何影响？,如题。由于目前结果还没出来，可以从两种可能性论述。,1876,379947
47554602,1466196058,"[""索尼 (Sony)"",""虚拟现实（VR）"",""家用游戏机"",""PlayStation VR"",""索尼大法""]",使用 PlayStation VR 玩游戏是怎样一种体验？,10月份发售，现在在各地陆陆续续有了体验会，先评测起来再决定买不买。,661,55044
46918925,1464600745,"[""心理学"",""学习方法"",""同声传译""]",一心不能二用的理论和同声传译的存在是否矛盾？,因为想训练自己边听外语边翻译边记笔记的能力，所以搜索了一下关于“一心二用”“多线程工作”的问题，发现很多答案指出对大脑的研究确定了人是无法真正一心二用的。只能不断中断并转换任务。 但是很难想象同声传译的时候大脑是一段一段的转换任务（因为集中在其他任务上一秒钟都会漏听几个单词），同声传译的技巧和上面这个不能一心二用的理论是否矛盾？ 如果想要训练边听外语边翻译边记笔记的能力，是否可行？该如何做？,632,9617
46843155,1464409572,"[""化妆品"",""眼影""]",有哪些值得一生推的高端眼影产品？,知乎上大多数关于眼影的问题都是推荐平价产品。希望能推荐一些高端高质量牌子，并具有以下特点： 1.适合任何人，几乎不会失败 2.上妆效果和持久度超高 3.有专柜（不要推荐开架化妆品） 4.不必看其他家反复挑选，只去这一家买就可以满足基本色+流行色需求。（较忙白领的需求） 5.主要适合日常，不要太鲜艳。 欧美人眼窝构造和亚洲人不同，希望主要推荐日妆或者欧美适合亚洲人的产品。另外，学生时代 canmake kate 美宝莲这种都试…,1503,239164
41746943,1458815482,"[""苹果公司 (Apple Inc.)"",""智能手机"",""三星手机""]",iPhoneSE和三星S7对于中国的年轻用户来说哪个更有魅力？,"在苹果发布了个头小却性能强劲的iPhoneSE之后，对中等价位智能机领域是一个不小的冲击。希望能听到专业人士从性能，用户体验，实用性，市场变化和需求等方面具体比较与评测。特别是对iPhone SE, 三星S7这两款手机，将来对价格敏感的年轻人会如何选择，期待有干货的见解。谢谢。",630,143922
33276522,1437661780,"[""旅游"",""斯里兰卡""]",去斯里兰卡旅游之前有什么推荐一看的书籍或者电影呢？,关于这个国家的，或者在这个国家拍摄的，比较容易看进去的艺术作品~ 在一个陌生的国家读着关于她的书，感觉不要太好，欢迎推荐！,283,11468
33251721,1437619512,"[""企业文化"",""周年纪念""]",公司周年庆典有哪些值得参考的创意活动？,各种庆典活动通常反映了一个公司的文化和创新能力。 全世界都有有哪些有趣的周年庆典活动呢？欢迎列举介绍。,435,32291
30850970,1433129705,"[""支付宝""]",5月28日“支付宝日”是一种怎样的体验？,题主在海外，不能亲身经历，听说国内支付宝日挺热闹的，想听听实际上在国内进行的怎么样。 当天的体验是什么？有提前准备抢购吗？实际上真的排大队吗？支付是否顺利？ 当时说的吸引大叔大妈养成支付宝付费习惯的效果达到了吗？你的家人对支付宝日是否知情，有什么反应？ 国内的人现在对于用支付宝线下支付，是否已经习惯？还是大城市里也只在很狭窄的人群范围内才被使用？ 还有其他评价也欢迎讨论。,86,16414
30782370,1432893303,"[""手表"",""智能手表""]",手机以及智能表会最终替代传统手表吗？,手机具备更精准的计时功能和其他通讯功能，智能手表更具备健康检测，通知等功能。两者的组合会在今后的某一天代替传统手表在大众中的位置吗？,241,43724
28716301,1426171161,"[""调查类问题"",""人生"",""成长"",""X 是种怎样的体验""]",45 岁是什么一种感觉？,人到30岁还可以算是青壮年可是45岁就是正经的中年人了。和20多岁相比，所想所求会有什么不同？生活的目标和自我认知会有什么不同？ 尤其作为女性，美貌年轻消逝，和周围人的关系会有什么样的变化？会不会有落差？ 做为男性，身材渐渐发福，孩子将要成年，父母辈已然老去，面对这样的状况，对您来说最大的生活体会是什么？ 很想听听45岁左右的人谈谈这些。知道什么该在现在珍惜，什么该为将来准备。 本题问的是亲身体验，除了转述…,1676,139157
28098237,1423533929,"[""互联网""]",2015 年中国有哪些值得参加的互联网大型会议？,日本企业的员工想要了解中国的互联网发展方向和动向，所以希望参加今年中国比较大，能获得各种信息以及商谈机会的互联网大会。 网上可以搜到的： 中国互联网大会：2014中国互联网大会官方网站 中国互联网创业者大会：2014第九届中国互联网创业者大会 全球互联网大会北京站：GMIC 北京 2015 想知道的信息， 1，中国比较大型的，有各种企业参加（而不是仅仅一个系的企业，除了BAT还要有大大小小的创业公司比较好）的大会哪个比较推…,172,11781
28016924,1423186484,"[""调查类问题"",""日语"",""语言学习""]",有哪些高级的日语表达技巧，让人一听就很地道？,姐妹问题:有哪些高级的英语表达技巧，让人一听就很地道？ - 英语翻译 请列举一些具体的句式。 建议加上在什么场合，对什么人适用。大家都知道日语这门语言的特点就是在不同场合对不同的人语法都不一样。还有有些话是男的能说女的不能说的。光记句型在错误的场合使用的话反而会有反效果。,1010,60058
28006513,1423132982,"[""调查类问题"",""餐饮"",""自助游"",""国外旅游""]",中国人去日本旅游，想吃当地食物，在网站上选择当地餐馆时你最希望看到哪些信息？,中文菜单，料理的价格，推荐的料理，餐馆内的气氛，餐馆的特点， 从车站怎么走，要多久，料理的照片，中国人的评论，优惠券·。。。 这些信息里哪些是你最需要的？除了这些信息之外你还希望有怎样的信息？ 注意这个适用场景是“日本旅游“，而且想吃当地食物。,198,13843
27190213,1419175041,"[""科普""]",为什么天空和海都是蓝色的？,天空和海都由于光线的反射，看起来是蓝色的，那么为什么两者不约而同的都在蓝色光范围内，让我们能看到海天一色的美景呢？这其中有什么必然的关联吗还是纯粹由于巧合？,275,63274
26694945,1416443791,"[""苹果公司 (Apple Inc.)"",""iOS 应用""]",苹果商店的 1 元与 3 元促销中有哪些绝对不该错过的应用或游戏？,11月19日凌晨苹果大量出现1元与3元应用，甩卖促销期限不明。在促销的app中有哪些绝对不可以错过？,1577,177637
26664772,1416276034,"[""iOS 开发"",""项目管理""]",开发较复杂的 iOS 应用时，在建立清晰易懂的项目目录结构这方面，你有什么好的经验或心得？,目录结构就是指这个： 在简单的应用中，我们用苹果默认的目录结构就可以让人看懂分辨各个类的作用。然而在一个较大型的项目中，会有几十个甚至上百个类，并且还会不断增加。如何建立一个清晰易懂的文件夹结构（目录结构），让一个新加入项目的成员也可以快速掌握各个类的功能和相互关系？ 目录结构是按照相似功能（比如较重要的ViewController放到一起）分类好呢，还是对应应用的画面结构分类（比如搜索结果画面下面放置相关类）…,442,25248
26506382,1415265812,"[""产品经理"",""产品运营"",""团队管理""]",作为互联网产品经理，在团队管理方面有哪些值得参考的好书？,目前知乎上产品经理书单都偏重于讲述如何打造优秀产品方面。而作为一个产品经理，通过自己的组织能力更好的整合开发团队，平面设计，测试团队以及其他团队，使得整个产品的生产效率更高，减少多余的问题也是必须的能力之一。 关于这方面有什么有干货的好书推荐？ 目的知乎上可以找到的推荐‘ 互联网产品经理的必读书目有哪些？ 问题下@kentzhu的回答 三、团队合作 《决策与判断》——换位思考 《只有偏执狂才能生存》——情商 《…,735,11839
26506068,1415264420,"[""生活"",""日语""]",日语里的「女子会」在中文中有对应的词汇吗？,日语里的女子会，意思为女生好友们一起出去玩的聚会（狭义特指一起吃饭），不带男生的聚会。 中文中是否有相对应的，广为人知的流行词汇？ 注意，不指购物。大多数答案过于偏向购物逛街，而没有达到这个词本来的广泛意思。,39,11749
25284619,1410331413,"[""编程"",""iOS 开发"",""iOS 开发入门""]",UIControlStateSelected 和 UIControlStateHighlighted 有什么区别？,"以下来自苹果文档： 首先这一段是什么意思？这个数字的不同造成了selected和highlighted有什么区别呢？ enum {
 UIControlStateNormal = 0,
 UIControlStateHighlighted = 1 << 0,
 UIControlStateDisabled = 1 << 1,
 UIControlStateSelected = 1 << 2,
 UIControlStateApplication = 0x00FF0000,
 UIControlStateReserved = 0xFF000000
};
其次，对这两个状态的描述： UIControlStateHighlightedHighlighted state of a contro…",33,9127
24937242,1408616315,"[""移动应用"",""产品经理"",""iOS 应用""]",有哪些你觉得很新颖有创意的手机应用引导界面？,可以举出应用名字和引导界面的描述（是什么样的），你觉得哪里比较有创意等。,108,3129
24909651,1408438442,"[""编程"",""iOS 开发"",""Xcode"",""程序""]",如何通过程序自动搜索Xcode中一个应用的源代码并进行统计？,在一个应用中有着很多很多的API。这些API的请求地址都在Global.h中定义为常数比如说SEARCH_SOMEONE。现在要统计这个应用中哪些API实际被使用了，哪些没有使用。如果手动的话就是挨个搜索这些常数(比如说搜索SEARCH_SOMEONE并查看除了定义以外是否有其他地方使用了该常数)。 那么在API大量存在的情况下，是否可以编写程序自动实施这一过程并统计这些API被使用的次数？该用什么工具和语言，大概步骤如何实施？ 如果通过程序搜索，…,27,2886
24516696,1405579480,"[""互联网"",""移动应用"",""智能手机""]",国内有哪些优秀的餐馆饭店搜索类 App？,说明： 1，必须是搜索餐馆或者饭店的 App。其他美食类 App 不包含在内。 2，必须是移动端使用的 App 或者网站的手机浏览版。,92,5867
24516665,1405579347,"[""互联网"",""移动应用"",""智能手机""]",国内有哪些优秀餐馆饭店搜索类 App？,说明： 1，是搜索或者推荐饭店用的。其他类别的美食app不包含在内。 2，iphone或者安卓上的app应用。有手机版的网站也可以。,39,1518
24480157,1405317958,"[""编程"",""计算机""]","中国的程序员有没有约定俗成类似英语中 ""foo"" 和 ""bar"" 一样的变量常用名？",编程中随意起变量名的时候，英语会用foo bar 日本会用hoge 中国是随英文用法，还是也有我们自己独特的类似词汇呢？,173,28662
24210395,1403219309,"[""足球"",""世界杯 (World Cup)""]",在一个足球队伍中，10号是怎样的存在？,本田圭佑小时候的日记里面就写到长大以后要身披10号球衣。香川真司在日本队里面也是10号，他演的广告里面自己小时候也是10号。好像很多很厉害的球员也都是10号。这个号码是对应一个固定的位置吗？有什么特别的意义吗？,300,63958
24131821,1402628122,"[""绘画"",""油画""]",油画刀最常用的是哪几个型号？,准备给父亲买克莱森的油画刀。全套十把比较贵，准备先买2-3把再逐渐购入。 请问画一般的风景油画，先购入那几个型号使用率较高？ 贴一张他的作品，以便建议。,29,2839
23881356,1400832392,"[""互联网产品"",""Google 地图""]",在中国墙内网络看国外地图的时候哪个服务最快速准确，谷歌地图能用吗？,"我要在一个网站里插入地图API让国内的用户查看日本的地图。想知道以下情况： 如果在国内想看日本东京的地图的时候，哪个线上地图比较好用？ btw, 百度地图没有日本部分。 谷歌地图在国外使用率最高，但是不清楚在国内是否可以连接上，是否稳定，速度如何。 苹果ios上的地图似乎只能在移动设备上链接，在电脑上能不能链接？ 雅虎日本的地图目前是在考虑的选择，只是不知道链接速度如何。可以在这个链接测试：Yahoo!地図 谢谢。",57,8746
23506608,1398148874,"[""互联网"",""产品经理"",""用户体验设计"",""翻译"",""设计心理学""]",Web信息架构(IA for the WWW)和设计心理学(The Psychology of Everyday Things)这两本书的中文翻译如何？,以前也读过一些设计书籍，因为涉及到很多抽象概念所以翻译过来的中文极难懂或者容易有歧义，还不如直接读英文理解透彻。 请问Web信息架构(Information Architecture for the World Wide Web)和设计心理学(The Psychology of Everyday Things)这两本书的中文翻译是否容易理解？推荐读中文还是英文原著？,29,1069
23378432,1397268444,"[""日本"",""旅游"",""饮食"",""日本旅游""]",在日本旅游过的知友们，你们在日本的饮食情况是怎样的？,最近要做一个个人的小项目，想做一个简单的调查。主要想知道来过日本旅游的朋友，是否有吃到满意的美食，在选择餐馆上遇到过什么问题。 希望协助调查的朋友可以点击回答这份需要10分钟左右的调查问卷（注意只能是来日本旅游过的朋友才能回答哦）： https://docs.google.com/forms/d/1ee6oQlFd9YQhag-IG6sJ-ujtuiF26lvobkIGn-yuYds/viewform 如果上面的google地址无法打开，请使用下面这个地址： 关于来日旅游者饮食状况的小调查 我将会在帮忙回答的朋友里面选择5位邮送精美的日本樱花小猫水彩明信片…,1037,83365
22971233,1394264413,"[""东京"",""酒吧""]",东京有哪些不错的酒吧？,对东京夜生活知之甚少，欢迎各位推荐。建议写上酒吧的气氛和大概价格以及适合人群。,677,40410
21855302,1382322881,"[""语言"",""汉语""]",如何在外语环境干扰过强，中文水平下降的情况下保持或提高自己的中文水平？,相关问题：怎样在英语环境中保持中文水平？ 在国外生活久了，不可避免的会有中文水平下降的现象。这不是炫耀或者故弄玄虚，而是一个实实在在令人困扰的问题。 在相关问题中，几乎所有答案都提到要多读多写多接触。但事实是我平时经常说中文，并且大量读写中文，但仍旧无法阻止这种趋势。读写主要是浏览网络，写中文的文章等。书看的不如在国内多，而且专业书居多，我怀疑阅读量的缺失是不是主要问题。 中文水平的下降特征为： a.…,368,22386
21784073,1381392366,"[""烹饪"",""生活常识""]",铸铁锅如何保养？,我在日本购入一个中华大圆铸铁锅。 根据使用说明，第一次使用之前，要撕掉膜后把锅整个用火烧一遍，生成氧化膜（就是变成蓝色然后又变黑） 使用说明还举了中国大厨保养锅的例子。建议每次用过后，不用洗洁精洗，只用热水，洗过之后上火烧干，然后涂一层油放置。 但是这个过程是实在是太麻烦了，导致现在都不想用它。 有什么保养铸铁锅的最低标准的方法吗？能在麻烦和保养之间取得平衡的。 还有，长时间使用导致铁锅表面有附着一…,747,169569
21617741,1378622069,"[""经济"",""调查类问题"",""奥林匹克运动会‭""]",你认为东京获得2020年奥运会主办权对日本及中国有怎样的影响？,比起其他两个国家，显然在日本举办奥运会，对中国的积极影响更大。你认为日本和中国分别可以抓住哪些机遇？ 比如：顺带为中国的旅游业带来更多客人；日本可能开放更多签证机会给中国人。日本在奥运建设中与中国公司合作为中国带来经济效益等。,233,21860
21727130,1380464986,"[""知乎社区""]",如何看待知乎最近频繁出现的“占坑，等会写”一类的回答？,该类回答的共同点：初次回答时都不包括内容。仅说明自己之后会作答。之后更新的答案有一般的也有有精彩的。 讨论： 该基于论坛社区的行为在知乎是否合适？ 该行为是否导致很多本来的好答案没有出现在timeline上而默默无闻？ 你是否提倡或习惯这样的行为？如果是，为什么？如果不是，为什么？ 占坑可能是以获得较少的赞甚至作答前就被折叠为代价的。因为在前期没人会赞内容只有占坑的答案。所以希望了解这只是出于论坛习惯还是有…,155,14303
21491305,1376657453,"[""iOS 应用"",""平板电脑"",""协同办公""]",平板设备或电脑上有哪些适用于远程小组讨论的优秀应用或服务？,要求如下： 1，多个组员身在不同的地方可以通过因特网实时进行同一个文件的更新和互动（类似于google docs） 2，最好可以利用平板设备进行手写或涂鸦表达自己的想法 3，尤其是头脑风暴、讨论初期想法等表达方式比较自由的小组活动可以使用的服务 4，该服务免费或者可以免费体验互动功能后付费 5，因为是和外国人合作，最好是英语版本。 目前可以找到的符合标准的应用比如Jot! Whiteboard https://itunes.apple.com/us/app/jot!-whiteboard-free/id371937922?mt=8 但是如果要使用小…,57,2468
21509847,1376974328,"[""日本"",""日本文化"",""酒桌文化""]",日本人在酒桌上会像中国人那样劝酒吗？,提这个问题的初衷，是因为看到中、日、韩三国的「酒文化」在细节及深层原因上有哪些异同？ 这个问题下，很多人表示日本是没有劝酒文化的。在@谢牧阳同学的专栏里，虽然详细的叙述了日本酒桌文化，但也以“日本人基本不劝酒”这个观点为主。 在外国人接触的一部分日本文化中，的确是有“不劝酒”的部分，但我宁愿称之为“因为关系不够近或者场合不同而没有劝酒”。在真实深入日本社会的过程中，最开始以为“日本人不劝酒”的外国…,214,23917
21280946,1372743140,"[""日语"",""马伯庸""]",祥瑞御免中的「御免」在古汉语中本是什么意思，和日语道歉的「御免」（ごめん）又有什么联系？,如题。,42,6984
21389688,1374846749,"[""生活常识""]",在风来的一瞬间按住裙子何处才能最大程度避免走光？,这是一个物理问题。妹子穿的是短裙，求双手或单手按住裙子能最有效阻止走光的点。 走光定义：被看到小裤裤 有几个前提： 1，风除了一般的大风，最凶猛的一般发生于地铁，从下往上吹。 2，安全裤这种天太热了 3，必然是心仪的裙子不能换的。换裙子的话就不构成该题目了，那直接穿裤子就完了。 4，被看到男同志固然爽，但是太不雅。 5，穿过裙子的女生会比较有经验，A字裙材质又比较轻柔的话，是无法全部按住的，按前面飘后面，按…,201,26872
21062395,1368583759,"[""留学"",""留学申请"",""留学日本""]",申请到去日本留学的朋友，都有哪些值得分享的经历？,欢迎大家写下自己从决定去日本留学到申请成功的亲身经历和经验，以及给后来人的建议。,3518,136483
53321708,1480931438,"[""词义"",""网络语言"",""词源""]",“学酥” 这个词是什么意思？,在知乎上看见好多次了，但是不太懂这词怎么来的及其含义。,6,785
52335819,1478404106,"[""优步（Uber）"",""盲人"",""社会公平"",""滴滴出行"",""Accessibility""]",如何看待滴滴收购 Uber 后推出的新 Uber 中国 App 不再支持盲人使用？,参考下面的截屏。AppStore 中来自一位盲人网友的评论。,398,110628
52253320,1478163285,"[""数学猜想"",""基础数学"",""数学研究""]",你研究的数学领域，有哪些重要但是不出名的猜想？,"不出名的标准，大概是数学里别的领域的人不太知道的这种程度吧。黎曼假设，BSD, Hodge 猜想这种就不用说了。另外请多说两句，别扔个猜想的名字就跑。",362,24282
51781095,1476924749,"[""法国"",""巴黎大学"",""左翼"",""五月风暴"",""学生运动""]",巴黎大学为何在五月风暴以后被拆散成十三个大学？,1968年法国学生运动（即五月风暴）发动之后，巴黎大学被拆分成13座独立的大学，巴黎大学从此不复存在。这个拆分和五月风暴的关系到底是怎样的？背后有哪些政治因素呢？,13,713
51763167,1476869095,"[""字符编码"",""法语"",""乱码""]",法语内容在电脑上显示有乱码怎么解决？,"比如网页上这段话： L'hypothÃ¨se de Riemann, aprÃ¨s qu'on eut perdu l'espoir de la dÃ©montrer par les mÃ©thodes de la thÃ©orie des fonctions, nous apparaÃ®t aujourd'hui sous un jour nouveau, qui la montre insÃ©parable de la conjecture d'Artin sur les fonctions L, ces deux problÃ¨mes Ã©tant deux aspects d'une mÃªme question arithmÃ©tico-a…",11,933
51714571,1476763370,"[""互联网"",""群众"",""社会心理学"",""喷子""]",网络时代之前群众的戾气是怎么表现的？,提这个问题是想到一个有趣的问题，我们总说网上喷子多，戾气重，其实在网络时代到来之前，部分群众的戾气也不轻。比如今天在某个答案看到因为李宁失误，有人给李宁寄绳子让他自杀谢罪。也想起以前马晓春赢了聂卫平被别人喷内战内行，内奸啥的。还有什么类似的例子，能体现出互联网之前的戾气？前互联网时代的喷子是什么样子的？,13,295
50155344,1472516255,"[""Mac"",""macOS"",""输入法"",""搜狗输入法""]",搜狗输入法Mac版能装细胞词库吗？,程序员,2,32
49717310,1471433004,"[""密码学"",""金立手机"",""硬件加密""]",金立M6的加密采用的是什么标准，哪里能找到相关的技术文档？,"金立M6是一款国产的安卓手机，宣传上最大的亮点就是内置加密芯片。 （官网截图） 想在这里问一下，加密芯片实现的是哪个协议、哪个标准。端到端的专线通话执行的是哪个协议，通话前怎么交换 shared secret, 如果长时间通话的话怎么轮换的 session key, 能不能保证服务器上无法破解，以及专线通话有没有支持前向安全性。 这是一个纯粹密码学的问题。我是相信加密芯片相对于软件层面更加安全的，但是金立在加密芯片这块的技术标准 …",20,2466
48968071,1469635647,"[""伊斯兰教"",""战争"",""穆斯林（Muslim）"",""人类文明"",""恐怖袭击""]",最近一年多的恐怖袭击和冲突，能用亨廷顿《文明的冲突》提供的范式来解释吗？,可以。                                                        ——塞缪尔·亨廷顿，《文明的冲突》篇幅有限不一一转帖。关于伊斯兰世界内部的问题，可以翻阅《文明的冲突》其中的一节《伊斯兰：没有凝聚力的共识》，甚至预言了土耳其的宗教化，并分析了其原因。,62,7971
41780229,1458896201,"[""人工智能"",""围棋"",""AlphaGo（阿尔法围棋）"",""对弈人工智能""]",如何看待 David Silver 在 UCL 讲座上称 AlphaGo v18能让v13四个子？,（提问者注：很想改成 “能让樊麾四个子” 之类的抓眼球，但是出于严谨性还是算了...） David Silver 昨天在 UCL 给了个讲座，其中提到对 AlphaGo 的 ELO 评分，其中跟李世石下棋的版本（v18）竟然已经高达 4500 分，能让跟樊麾下棋的那款 AlphaGo （v13）四个子。ELO rating 也就是 http://goratings.org 上的 评分，目前世界围棋第一人柯洁是 3615 分 —— Elo rating 的分差表示相应的胜率，差 800 分的话胜率就是 100%，差 6…,108,4869
40116004,1454522678,"[""知乎"",""知乎社区"",""调查类问题"",""知乎回答""]",知乎的长篇高票低质量答案有什么共同点?,知乎现在已经是一个不小的社区了，流量很大，质量也在下降，营销号也越来越多。由于大量低质量用户的存在，很多高质量用户都流失了，甚至在走之前删掉了他们的全部答案。 在这里我想问问，长篇，高票但是低质量的答案有哪些共同点？ （如果来的人多的话，顺便问一句，哪些话题下面的高票低质量答案比较多？） 我知道营销号很多都缺乏干货，左右逢源，在情感类问题下灌水。但是知乎也不乏似懂非懂的普通用户冒充专家在自己不擅长…,30,1143
39855935,1453799724,"[""传感器"",""温度"",""测量"",""温度测量""]",如何测量三维空间中的温度场？,给定三维空间中的一片区域（比如一个密闭的房间，一个燃烧着的炉子，一锅沸腾的油，一片深海里的海水），如果需要知道这片区域中的温度场，用什么方式测量呢? 能想到的笨办法类似于用一个铁丝网组成格点，装上传感器去测量读数。有没有什么巧妙一些的办法呢?,16,282
38708051,1450603222,"[""阅读"",""历史"",""司马迁"",""史记"",""史记人物""]",《史记》里有哪些特别精彩的篇目?,能想到的有《项羽本纪》《屈原列传》《太史公自序》等等，想看看有没有比较系统的整理。,64,5394
38509414,1450078025,"[""古汉语"",""语言文化"",""汉语"",""读音"",""汉字读音""]",《离骚》中「高余冠之岌岌兮，长余佩之陆离」里面的「长」字念 cháng 吗?,"我的理解是「长」字是使动用法所以念 cháng, 但是网上也搜不到结论。",3,486
38207044,1449285996,"[""法国"",""名字"",""法语""]",为何法国人多有形如 “Jean-XXX” 这样的名字?,"在 Wikipedia 看到 Jean 和英语里的 John 是类似的，所以作为男性名字本身并不稀奇。我想问的是，为何法语区的人有很多形如 Jean-XXX 的名字，比如 Jean-Pierre, Jean-Georges, Jean-Claude, Jean-Marie 等等。",11,1250
36980703,1446085293,"[""小米科技"",""雷军（人物）"",""互联网行业"",""小米手机""]",截至2015年十月底，小米公司发展得怎么样？,问这个问题，是想到小米长期保持估值的高速增长，每年都有一次融资的消息。但是 2015 年几乎没有消息，加上资本寒冬，以及华为等竞争对手的崛起，很好奇小米现状。 利益相关：不是小米用户，只买过小米的充电宝。,14,1266
36848838,1445745887,"[""经济学""]",对于 “羊毛出在猪身上”，免费为主的互联网经济，有什么经济学方面的研究?,互联网产品的边际成本较低，大多数都是免费。 现在这个行业很流行 “羊毛出在猪身上” 这种模式，对此有什么好的经济学模型来刻画吗？,5,69
35389151,1441523903,"[""经济"",""经济形势"",""经济泡沫""]",经济上的泡沫对各产业有哪些好处和坏处?,提这个问题，是因为看到了 目前（2015 年 9 月）中国的经济状况到底有多糟糕？ 这个问题下的激烈讨论。我的理解是，由于经济有一定的周期，以及投资的反馈需要一定的时间，泡沫总会时不时地发生。 我想问问，泡沫的影响有哪些? 泡沫是否等于市场失灵? 泡沫带来的一定是坏影响吗? 我并没有定义 “泡沫” 是啥，如果能有牛人澄清一下泡沫的定义最好。,9,451
35056524,1440601764,"[""数据统计"",""优步（Uber）"",""O2O"",""费米问题"",""分享经济""]",Uber 在全球的司机有多少人?,争议多又怎样 Uber全球司机累计已超100万,6,166
34895414,1440205747,"[""输入法"",""搜狗"",""英文输入法""]",国内的输入法企业为什么不做英文输入法?,"感觉输入法这块，国内已经比国外强了太多。搜狗的话，有些功能我真希望英文输入法里面也有，比如输入 Celcius 就提示 ℃, 或者输入 alpha 就有 α, 输入 beta 就有 β 啥的。而且英文的话，也有很多很长的单词，可以提供补全（比如输入 opin 就提示 opinion, 等等），或者联想下一个（比如输入 United 下一个单词可以是 States, Kingdom, Airlines, Nation 等等）。 简单讲就是英文的信息熵也还挺高的，利用输入法可以优化。这么…",6,538
31370551,1434508165,"[""英语"",""语法"",""英语词汇""]",Syntax 和 Grammer 有何区别？,这两个词汇，有时候都叫做 “语法”。 我个人感受，Syntax 好像更接近语义（一些词按这个样子放在一起以后要表达什么意思），Grammer 更加接近语言的规则（这些词汇能不能这样放在一起，为什么要这样放在一起）。不知道理解得对不对。,42,4904
30959532,1433413921,"[""投资"",""理财"",""保险"",""金融""]",有哪些场景值得购买保险?,除了车险、医保等长期的以外，有些特定场景，我是会考虑购买保险的。比如坐飞机，出境旅游，租车等。想问问大家，还有那些场景，值得专门购买保险? （有人推销保险，但是不值得购买保险的场景也有必要说说）。谢谢。,7,435
30246537,1431233901,"[""地理"",""地图"",""GIS（地理信息系统）""]",漂亮的地图有哪些要素，如何制作漂亮的地图?,地图控，很喜欢地图。今天看到了两幅地图，觉得非常精美。想请教一下专业人士如何制作漂亮的地图。,114,7123
29553890,1428991942,"[""在华外国人"",""汉语"",""外国人"",""对外汉语"",""汉语水平考试(HSK)""]",参加 HSK（汉语水平考试）有什么感受？,不同的级别具体有什么区别？,550,183497
30012212,1430443511,"[""日本"",""环境"",""植物""]",日本的竹林问题是怎么回事？,在蜡笔小新里看到： 另外，这里 (http://seibutsu.biology.kyushu-u.ac.jp/~yahara/2001/Kida.html) 介绍说，竹子每年会向阔叶林渗透到10〜20米（具体的に九大移転地内のタケを調べてみると、タケは１年で１０～２０ｍ広葉樹林へ侵入し、また、タケが増えると枯れ木がそれに比例して増えていることがわかる。）想请相关人士介绍一下这方面的问题。,36,2799
27932577,1422857787,"[""茶"",""普洱茶""]",普洱茶的茶饼弄散以后怎么保存?,家里有一个普洱茶的茶饼，开始喝以后就那么放着，看着很不舒服。有什么比较好的保存方式?,17,6643
23346230,1397035535,"[""历史"",""中国古代历史"",""古代"",""澳大利亚"",""大洋洲""]",中国古代有没有发现澳洲?,古籍中关于南洋的记载中，马来、菲律宾、印尼都出现过。澳大利亚离印尼不远，古人发现过吗?,19,1307
21088239,1369110052,"[""货币"",""经济学"",""宏观经济学"",""金融"",""外汇管制""]",为什么国家要严控资金流动，打击地下钱庄?,跟朋友聊天，提到有很多资金流动的需求，但是在国家监管下很难实现或者成本很高。只能走地下钱庄。在帮助资金流动这方面，地下钱庄还是有一定的渠道和效率的。 我想问的是：为什么国家要严控资金流动，打击地下钱庄呢? 资金流动起来对经济应该是好事，为什么不允许呢? 感觉这种严格监管好像和经济规律也不匹配啊。 参考: 中国资金外流被指已堵不住 “地下钱庄”仍主流,111,10455
21154303,1370319032,"[""冷知识""]",有哪些东西，看起来很干净，其实不然?,杨梅……不信泡水里试试,73,9330
20866152,1363753312,"[""知乎建议反馈""]",如何自定义知乎的 “精选内容”？,比如 “如果一个美女和一个gay和你在同一个床上，你会面对着谁？”，某人的答案莫名其妙就成了精选内容推送给我，还没有 x 可以点，我对这玩意真心没兴趣啊。 假设知乎有意学习我的喜好，我怎么调教它呢？,4,733
20830556,1362686259,"[""优酷"",""广告"",""Adblock"",""优酷广告""]",优酷为什么不把 “广告不能正常播放了” 这段文字自身做成广告？,这段文字自身难道不能换成广告的内容吗？ 也许不是一个 30s 的视频，而是一段文字，一段平面广告，这难道不可行吗？,8,3570
20780512,1361004007,"[""输入法"",""计算机"",""英文输入法""]",有什么好的英文输入法？,Triivi和HI input，但是个人感觉还是前者更强大一些，但是前者UI做的太差劲,7,1892
20777909,1360873517,"[""移动硬盘"",""计算机"",""硬盘分区""]",移动硬盘能把一个分区分成两个或多个吗？,有一块 500G 的移动硬盘，分了 10G 出来做 OS X Lion 的安装盘。剩下 490G 是空的。现在需要做一个 Win 7 的安装盘，想知道能不能把那 490G 进行再次分区。（做安装盘似乎要占用整个分区的空间）,4,2605
20772147,1360487725,"[""Mac"",""macOS"",""软件"",""图片"",""颜色""]",为什么 MacBook Pro 可以迅速反转屏幕的颜色？,"昨天想制作以下这张图片，结果用 GIMP 反转颜色，大概用了几秒钟。而 Mac 上要是按 Ctrl+Option(Alt)+Command+8 可以直接反转显示器颜色，似乎不需要任何运算（也就是说，如果你用 Mac, 按下这快捷键，就可以迅速看到本图的原图，根本不用转换）。请问 Mac 上这种反转颜色是不是从硬件层面做到的，为什么不需要运算？原理是什么？",14,7314
20772095,1360483364,"[""音乐"",""春节"",""民乐"",""中国民乐""]",春节期间经常播放的民乐有哪些？,海外华人一枚，想自制点节日气氛。求问春节期间常播放的民乐的名字。 我能找到的有《春节序曲》（春晚开篇音乐），《金蛇狂舞》，以及《喜洋洋》（以前春晚念电报的音乐）。请问还有哪些？,13,3925
20762770,1359960443,"[""计算机"",""家用电器"",""电脑 DIY""]",为什么没人组装电视？,现在电脑已经走入寻常百姓家了， 但自行组装对于爱好者而言还是挺流行的， 搜索 build a pc 也有不少结果。但我似乎从没听说过有人订购零件组装电视。这是为什么? 是组装电视过时了还是从来就没有过？,5,717
20759259,1359792940,"[""物理学"",""温度"",""热力学"",""相变""]",干冰在各种温度下气化的速度是多少？,空运买了些海鲜，箱子里有八包干冰，没化。 放冰箱里一天，冷冻七包，冷藏一包，体积都没什么变化。冰箱的温度显然是不足以保持干冰固态的。应该是很慢的气化吧。 但是干冰气化的速度是多少呢？查了一下，查不到。有英文网页说是每24小时10磅，也没给气压和温度的条件。这类问题应该去哪里查？,2,1606
20751357,1359495301,"[""政治"",""文化差异"",""文化"",""教育"",""社会学""]",如何看待这种教育方式，这是不是洗脑？,这张图片来自 @陈浩 在 德国年轻人和其他欧洲年轻人如何看待希特勒？ 下的回答，标注是 “孩子们把球射向种族主义”。 看到这张图片，我觉得这是一种赤裸裸的洗脑，想问问各位对这个的看法。 我的理由如下： 小孩子根本不知道种族主义是什么东西，就被引导着去反对它。足球嘛，小孩子肯定是玩得很开心的，被教育的内容，则谈不上什么自己的判断。这种行为的性质就，好像中学政治课不告诉我们什么是 “形而上学” 而反对 “形而上…,33,2306
20742723,1359138049,"[""翻译"",""外语""]",有哪些常见的「常凯申」式翻译，如何避免？,看中文媒体，经常觉得不知所云，有一大原因就是「常凯申」式翻译。应该还有很多常见的例子被自己忽略了，导致读完了没有对上号。请问这类名词有哪些常见的错误译法？ 何为「常凯申」式翻译？详见“常凯申”误译事件,40,5297
20739095,1359012250,"[""字体"",""汉字"",""Unicode (万国码)"",""旧字形"",""新字形""]",为什么朮赤的「朮」字和常用的 「术」字不一样？,朮赤，是成吉思汗的长子。 看到 @李淼 的答案，也看了一下 wikipedia，发现都写作「朮」，而且没有任何解释。但好像以前看到的教科书里不是这样写的，维基百科日韩对应条目均不是汉字。这是为什么？,77,18549
21049518,1368323580,"[""日语"",""留学日本""]",准备去日本留学，如何进行日语的学习与准备？,从什么时候开始学习好，时间留多少才算充裕，如何编排学习进度，该在什么时候进行等级考试呢？,3339,85616
21049446,1368322262,"[""留学"",""留学日本""]",国内本科毕业之后去日本留学，有哪些途径？,可以通过那些渠道去日本大学院（=硕士博士）留学，分别需要多长时间？难度如何，有否奖学金？ 欢迎关注收藏夹【日本留学 扬帆系列】分享一些经验和周围大牛们提供的资源，支持DIY日本留学的追梦的孩纸。,1353,66831
21026555,1367851149,"[""日本"",""求职""]",在日本找工作，有哪些好网站推荐？,以日本本地大学毕业为主的应届生，在日本找工作的时候会有很多网站资讯，如何挑选网站，高效利用这些资讯？ 本问题为日本就职系列第二问，第一问请见： 想要在日本找工作，应该从何做起？,664,41674
21020286,1367737332,"[""日本"",""求职"",""应届毕业生""]",应届毕业生想要在日本找工作，应该从何做起？,作为一名应届大学生，在日本找工作时应该首先做些什么？如何获得有用的信息？应该在什么时候开始行动？,1447,110194
20956498,1366110148,"[""日本"",""留学"",""国际汇款""]",因留学等原因从中国向日本长期汇钱，最佳的方式是什么？,从国内银行向日本的银行账户汇款，一次手续费要几百人民币，而且都要等好几天才能到账，有什么其他方法可以节省手续费又方便吗？,1072,92484
20787074,1361257253,"[""女性"",""人体"",""生物学"",""医学"",""解剖学""]",经常看到街上有的女生腿过于细，到了病态可怕的程度，这是一种病吗？,一般的腿细美观，好看。但是总能看到有的人腿细的仿佛只有骨头，没有肌肉和脂肪，类似于非洲难民或者久不运动肌肉萎缩的人，难以产生美感。 这是天生就这样的还是有这么一种病呢？她们行走跑动时会不会有不便，对身体素质和运动能力有影响吗？ 看到有人莫名其妙的说是好色，知道我是女生之后又说是嫉妒，不知道出于什么心理。故详细说明一下。 下图是正常，健康的细腿，可以看到是有肌肉的。大腿有脂肪但是紧致。 下图是我说的病…,721,330363
20662230,1355784696,"[""调查类问题"",""应用程序 (Application Programme)"",""日语"",""日语学习""]",有哪些不为人知的学习日语的好手机应用？,自问。欢迎大家踊跃作答。内容不仅限于中国app store。,2277,129612
20661482,1355741616,"[""癌症"",""医学"",""疫苗"",""妇科"",""HPV""]",接受宫颈癌疫苗注射有哪些注意事项？,"基础知识请见：子宫颈癌疫苗_百度百科 可以预防子宫颈癌中70%由病毒引起的癌症。如果使用正确，降低癌症发生率的效果达到91.6%。 虽然很值得高兴，但是该疫苗 1，推出时间过短，尚未得到很长久的验证，从医学角度讲，是否会有潜在的不良因素？ 2, 最佳注射时间为15岁。那么25岁左右的女性接种疫苗，效果如何？ 3，如何才能知道自己是否已经感染过这两种病毒？如果感染，会对疫苗的效果有什么影响？（据网上说会无效） ----- 本题…",13979,1424381
20610716,1353475822,"[""文化差异"",""恋爱""]",与和中国人谈恋爱相比，你在和外国人（中文非母语）的恋爱关系中，感觉到什么特别的优点和缺点？,与和中国人相比，这段关系给你带来的积极的东西，以及消极的东西。 或者是你为了维持这个恋爱关系所要做出的额外的辛苦，遇到的前所未有的问题，以及之前从未得到的东西等等。 ps.这个问题感觉应该有人提过，但是搜索无法找到。如果有请指出。 有没有和俄罗斯女孩谈恋爱的，特别想知道这个。,1008,146228
20520991,1349786837,"[""美食"",""餐厅"",""东京"",""日本旅游""]",东京有哪些值得推荐的餐厅？,希望住在日本东京的朋友们能推荐一些具体的饭店，最好带有店名和描述，而不要泛泛的说一类食物。 这道题我自己也会作答。期待大家给出没去过的美味的店好去尝试。,10918,576730
20503539,1348796838,"[""日本"",""旅游"",""日本文化"",""公交车"",""公共交通"",""留学日本""]",在日本如何乘坐公交车？,上车是有人售票还是投币呢，需要准备零钱吗？,555,100290
20497260,1348496284,"[""豆瓣""]",为什么豆瓣上的部落，同一时间只能加入一个？,对多个部落的话题都有兴趣的用户，发现无法同时关注时会产生困惑。豆瓣显然也知道这一点。那么这是出于什么样的考虑和发展愿景？ 比如形成用户对某一个部落的归属感？,8,947
20486485,1347979309,"[""日本"",""日本文化"",""钓鱼岛"",""中日钓鱼岛争端""]",对于17日有人在福冈中国领事馆投放烟雾弹一事，日本民众有何反应？,http://www.l99.com/EditText_view.action?textId=556374 2012年9月17日晚间，有一名日本男子，傍晚5点，在福冈朝中国大陆领事馆，连续丢掷2枚烟雾弹，随即坐车逃逸，日本警方循线，火速已经将这名滋事男子逮捕。,47,7077
20415045,1344710370,"[""知乎"",""Feed""]",知乎的“最新动态”（Feed）里面的赞同按钮是否会影响用户的客观判断？,很多时候最新动态里出现的是自己关注的人的答案或他赞同的答案。点击展开即可看他回答的完整答案。左边的赞同和反对按钮可以使我们在看完之后快捷的进行评价。 这个功能很贴心，很方便。但是通过自己的行为我发现这也许也会造成我们不读完一个问题的所有答案便投票。 通常我们对自己关注的人本来就有好感。如果从差到好用0-10分评价的话，这个人的答案有6分我们就会赞同。但是原问题下也许还有8分，10分的好答案。如果不看那些答…,9,679
20411299,1344540078,"[""学习"",""思考""]",在课堂上，如何听讲，如何思考才能问出问题？,我们一直习惯在课堂上仅仅听老师说，单方面接受知识，老师讲的我们也都能懂。但是在其他国家，很多课程都有提问环节，特别是西方是边讲课边提问题进行的。我发现无论如何我绞尽脑汁都想不出问题。觉得老师讲的很明了，我也没发现有什么值得质疑的东西，也发现不出提问题的点。到底是差在什么地方，有什么方法可以进行训练呢？ 在一些企业的宣讲会等其他场合也会有提问题的环节，因此我觉得这样一个能力还是很有用的。 由于有朋友…,97,3878
20400770,1344140158,"[""飞机"",""电信运营商"",""航空公司"",""盈利模式""]",在飞机上提供无线互联网服务的盈利潜力如何？,注：这是某著名公司的面试题，因此答案应该并不简单。 按理说无论是否提供上网服务，对于人们坐飞机的要求都影响甚微。因此基本上影响的是人们对于航空公司的选择。 关于在飞机上提供无线连接的技术请参见： “在飞机航班上提供 Wi-Fi 服务为什么迟迟没推广开？难度和成本高在哪儿？” http://zhi.hu/GD3S “飞机上提供 Wi-Fi 上网是怎样实现通信？成本和效率有多高？” http://zhi.hu/GD2z 以上两个问题是从实现角度上提的…,40,1523
20404338,1344283862,"[""文化差异"",""英语"",""美国文化""]",英语国家的人问「How are you?」后是如何期待这句话之后的回答和对话的发展的？,"我的观察发现，他们一些人会回答""Good. xxxx""之后描述一下自己今天做了的事情。或者""Not bad. And you?""来询问对方的情况。 我想知道老外对于这句话到底是在期待什么回答，毫无疑问，他们的目的是开始一段对话。那么我们说什么，怎么说比较好？谈谈今天做了的事情还是什么？什么样的事情作为话题比较好？（因为我总觉得说自己的事情很无聊） 请实际在国外生活过一个月以上，或者对生活中的英语特别了解的人作答。教材上看来的请…",812,126272
20396141,1343919543,"[""时尚"",""生活""]",在欧美，一般女生日常生活中穿黑色或者半透明黑色丝袜吗？,以前在网上有过这样的文章：http://wenwen.soso.com/z/q222584285.htm 说是不透明黑色丝袜仅用于葬礼，半透明黑色丝袜则有特殊含义。也有一部分评论说这个信息已经过时。现在到底是什么样的？特别是欧洲是什么样的？像亚洲一样配裙子穿出去正常吗？,171,49787
20738062,1358976996,"[""知乎"",""知乎产品改进"",""知乎产品"",""知乎建议反馈""]",对关注的人，能否只看到对方的回答和提问，而不是赞同及关注？,我关注了一些人，主要是某一行业的，希望看看他们的看法。但这些人也是普通人，也会去关注一些其它的问题，也会去赞同一些其它的答案，我能否在首页的信息里面屏蔽掉他们的赞同和关注？ 也许有人会建议我关注话题，而不是具体的人，但那个话题比较大，容易信息过载，也不是很方便。,1,321
20735915,1358909204,"[""iPhone"",""微信"",""短信"",""应用程序 (Application Programme)"",""Android""]",有能整合微信和短信功能的 App 吗？,本质上就是短信交流，不约炮。 现状基本是和年纪大些的人用短信，和年轻人用微信。 于是想知道有没有 App 能整合二者，这样用起舒服些，也可以教父母用。,5,1461
20735559,1358878149,"[""知乎用户"",""李开复（人物）""]",李开复对 GayScript 事件持什么态度？,有没有人给事件做个总结，说说相关当事人的态度？听说 GayScript 服软道歉了，知乎团队似乎有点焦头烂额，李开复这头呢？,115,38893
20710851,1357997788,"[""知乎"",""知乎建议反馈"",""标签（Tag）""]",为什么知乎上有那么多几乎为空的标签？,我发现希望一个问题在知乎引发讨论和有效回答，选标签非常重要。但知乎上的标签简直是一团乱麻，同一个内容，有无数个差别很小的标签（类似于 “辣椒” 和 “辣椒酱”），关注这些标签的人也不统一。（另外，还有很多无人关注的空标签，比如 “指数分布”）。这种现象是怎么来的，是否会影响知乎的问答质量？感觉 StackOverflow 那样的社区对标签的创立有严格的控制，能引导大家关注想看的问答。,0,209
20712581,1358074619,"[""知乎"",""知乎建议反馈""]",知乎的相关问题中为何会出现循环链接？,看这张图，相关问题中的前两个都自动跳转到原问题，囧。 既然这样，相关问题就不应该提示那个问题，因为点了以后没有任何裨益，不如忽略掉。,2,536
20697435,1357526460,"[""腾讯 QQ"",""腾讯"",""聊天"",""QQ 聊天"",""广播电视""]",QQ 在什么情况下会被冻结？,我在国外念书，寒假回家上 QQ，不到一个月的时间被冻结了四次，而且每次解密都巨麻烦…… 我想问问这里的高人，有什么方法可以避免这些情况？哪些内容是会触及 G 点的敏感词？（我改了两次密码，密码是大小写、数字、特殊符号都有的，强度不小的，不像是被盗号。也没有异地登录记录，最多就是我链接 vpn 后登录。） 附录：四次冻结情况如下： 1. mm: 淘宝上真是什么都有…… 我：有铀-235吗？有铯-137吗？ xxxx 已被冻结 （!@#$%…,13,4101
20689172,1357215943,"[""城市建设"",""X 的有趣故事"",""城市发展"",""城镇化"",""城乡结合部""]",有哪些你听说的关于拆迁（比如强拆、钉子户）的故事？,今天听了点故事，才知道钉子户可以多奇葩，拆迁也不是像媒体上说的那样一边倒。有哪些你听说过的关于拆迁的故事？有没有人拍摄过相关的纪录片？,44,9744
20686448,1357057073,"[""科普"",""科学""]",21世纪（2001年起）有什么好的科普书籍？,我看到的好的科普书籍很多都是60年代左右的，比如《从一到无穷大》。买到的这些书上面写着 “20世纪科普经典特藏”，于是激发了我这个问题，现在不流行写科普了吗？我注意到卢沧海有一些不错的作品，其他人呢？二十一世纪有哪些值得注意的英文科普？有哪些介绍近期发现的科普？ （这里 “科普” 一词不妨作广义的理解，能用靠谱且生动的语言把一些学问的道理基本介绍清楚，就是好科普，未必要局限于物理或者化学。比如介绍一些优…,23,2638
20396810,1343962265,"[""主持""]",白岩松还在播奥运，同时期的主持人敬一丹和水均益干嘛去了？,程序员,3,264
20382296,1343371095,"[""数学"",""计算机"",""计算机科学"",""线性规划""]",全世界的计算机 95% 的时间都在解线性方程，这句话现在还对吗？,记得小时候看科普读物（大概是《数学：新的黄金时代》）看到过类似于“全世界的计算机 95% 的时间都在解线性方程”（比如 Linear Programing）这样一个陈述。惊讶之余想想也可以接受，比如线性规划，当年计算机搞出来就是干这个的，不少问题也可以转化成线性规划，或者矩阵来处理。你要说登月或者造核弹，95%的计算量是在解线性方程，完全可能。 但今天我意识到，那本书是1986年左右写的。这句话到今天还对不对？（或者范围放宽…,55,3200
